Scenario,P&L (%),P&L ($)
Global Recession,-0.252,-2520000.0
Equity Crash -30%,-0.192,-1920000.0
USD Surge +15%,-0.1085,-1085000.0
Yield Shock +200bps,-0.057499999999999996,-575000.0
Stagflation,-0.032499999999999994,-324999.99999999994
Soft Landing,0.0375,375000.0
Oil Spike +50%,0.068,680000.0
