method,var_1d,var_10d,es_10d
historical,-0.018244152387504094,-0.0576930755237118,-0.07082264698445548
parametric,-0.014679816847710338,-0.03919621454480944,-0.05367039613230706
monte_carlo,-0.0127736476826343,-0.04039382070565604,-0.04681920824221367
